season,cutoff_round,forecast_at,model,matches,n_sim,match_log_loss,match_brier,dc_log_loss,dc_brier,elo_log_loss,elo_brier,blend_log_loss,blend_brier,odds_matched,position_rps,position_log_loss,expected_position_mae,expected_points_mae,title_brier,top_four_brier,bottom_three_brier,calibrated_log_loss,calibrated_brier
2022,5,2022-09-13T00:00:00+00:00,blend,330,2000,1.1965699170233657,0.7045144958443337,1.2877488794644454,0.7351543750135395,1.0552647995605415,0.6253369027890998,1.1965699170233657,0.7045144958443337,0,0.11749765263157895,6.1969883228071785,2.79845,12.362149999999998,0.02809505,0.1516293,0.13329137500000002,,
2022,10,2022-10-21T00:00:00+00:00,blend,280,2000,1.0439377683551851,0.6196267397640536,1.0694214811646938,0.6301328068786864,1.018762578879307,0.6080337371281488,1.0439377683551851,0.6196267397640536,0,0.09147257763157896,2.3530899018046556,2.3836500000000003,5.544424999999999,0.033235775,0.04344675,0.12625137499999997,,
2022,20,2023-02-07T00:00:00+00:00,blend,180,2000,1.0067059087998032,0.598032876226787,1.0144215091121684,0.6007716077740026,1.005027029301973,0.5995982319844637,1.0067059087998032,0.598032876226787,0,0.062205103947368424,1.9109751267722246,1.78225,4.145925,7.427499999999992e-05,0.008746225,0.10138762500000001,,
2022,30,2023-04-24T00:00:00+00:00,blend,80,2000,1.0644550693095676,0.6265651564223547,1.0846579067089572,0.6324013794263328,1.0167412678205423,0.6102931152785069,1.0644550693095676,0.6265651564223547,0,0.03301628421052631,1.4139184518037529,0.9437,2.7550750000000015,1.000000000000001e-07,0.006864099999999998,0.055002925,,
2023,5,2023-09-23T00:00:00+00:00,blend,330,2000,1.0080494313584412,0.602237824530139,1.0248716946111844,0.6109735587737779,1.0913956705387713,0.6415712105254998,1.0080494313584412,0.602237824530139,0,0.10719018552631579,2.774046940988847,2.8352999999999997,8.5715,0.028819175000000002,0.06945950000000001,0.10439007500000001,1.0240271421479343,0.6151052312509451
2023,5,2023-09-23T00:00:00+00:00,calibrated,330,2000,1.0240271421479343,0.6151052312509451,1.0248716946111844,0.6109735587737779,1.0913956705387713,0.6415712105254998,1.0080494313584412,0.602237824530139,0,0.09237847763157893,2.368992383113202,2.6356999999999995,10.149575000000002,0.025029175000000004,0.05583239999999999,0.083642525,1.0240271421479343,0.6151052312509451
2023,10,2023-10-28T00:00:00+00:00,blend,280,2000,0.9776247688392433,0.5828918500724087,0.9873849343088945,0.5877035569841565,1.00694423985938,0.6002787256685055,0.9776247688392433,0.5828918500724087,0,0.10097762894736842,2.56120924440174,2.6634499999999997,7.228750000000001,0.016814424999999997,0.01186315,0.08262910000000001,1.0060779079973383,0.6008423420500397
2023,10,2023-10-28T00:00:00+00:00,calibrated,280,2000,1.0060779079973383,0.6008423420500397,0.9873849343088945,0.5877035569841565,1.00694423985938,0.6002787256685055,0.9776247688392433,0.5828918500724087,0,0.0922133315789474,2.3864995205471278,2.4395,8.4259,0.026235425,0.010411100000000003,0.073467475,1.0060779079973383,0.6008423420500397
2023,20,2024-01-21T00:00:00+00:00,blend,178,2000,1.0084363006545844,0.606102196593032,1.0118657154471622,0.6075403308579999,1.0206592321078356,0.6118062291298013,1.0084363006545844,0.606102196593032,0,0.07737665657894736,4.409233500272849,1.9774500000000004,5.585325000000001,0.0019338000000000007,0.037089825,0.00957695,1.0214340211292212,0.6128127831784737
2023,20,2024-01-21T00:00:00+00:00,calibrated,178,2000,1.0214340211292212,0.6128127831784737,1.0118657154471622,0.6075403308579999,1.0206592321078356,0.6118062291298013,1.0084363006545844,0.606102196593032,0,0.07925921578947369,4.46176055143669,2.09345,5.8131,0.011167675,0.03150739999999999,0.022820475,1.0214340211292212,0.6128127831784737
2023,30,2024-04-05T00:00:00+00:00,blend,80,2000,0.9835657109081295,0.5895785526120438,0.9828886898299034,0.5894698290220772,0.9981664648768952,0.5957619021012659,0.9835657109081295,0.5895785526120438,0,0.048987061842105266,1.5883478442407202,1.3368,3.1437250000000003,2.725000000000003e-06,0.034462975,0.0018449250000000007,1.0078747109376984,0.6058908668758649
2023,30,2024-04-05T00:00:00+00:00,calibrated,80,2000,1.0078747109376984,0.6058908668758649,0.9828886898299034,0.5894698290220772,0.9981664648768952,0.5957619021012659,0.9835657109081295,0.5895785526120438,0,0.048503143421052636,1.5540461652024562,1.3542500000000002,3.3608500000000006,5.402499999999992e-05,0.025840425,0.005265375000000001,1.0078747109376984,0.6058908668758649
2024,5,2024-09-18T00:00:00+00:00,blend,330,2000,1.0367400026761233,0.6079344443166477,1.0768755549885238,0.6219138019320397,1.0424001005017385,0.6260927960551338,1.0367400026761233,0.6079344443166477,0,0.1007599,3.447734514504455,2.6472,7.552525000000001,0.00017277499999999993,0.048044925,0.053873925,1.002295917994256,0.5987576392739424
2024,5,2024-09-18T00:00:00+00:00,calibrated,330,2000,1.002295917994256,0.5987576392739424,1.0768755549885238,0.6219138019320397,1.0424001005017385,0.6260927960551338,1.0367400026761233,0.6079344443166477,0,0.10027136973684209,2.4064412380036377,2.8638499999999993,7.535124999999999,0.0049884000000000005,0.060425775,0.07876765,1.002295917994256,0.5987576392739424
2024,10,2024-10-22T00:00:00+00:00,blend,280,2000,1.0134524981224076,0.5998686638580241,1.028550205624487,0.6055141517761179,1.0214923180212534,0.610622743709924,1.0134524981224076,0.5998686638580241,0,0.0686066605263158,2.0393769802847643,1.8325500000000006,5.577474999999999,0.0014290750000000004,0.021991375000000004,0.054119850000000004,0.9996684418270596,0.5960351617241081
2024,10,2024-10-22T00:00:00+00:00,calibrated,280,2000,0.9996684418270596,0.5960351617241081,1.028550205624487,0.6055141517761179,1.0214923180212534,0.610622743709924,1.0134524981224076,0.5998686638580241,0,0.07185243289473685,2.0851172158195808,1.9073999999999998,6.164074999999999,0.006000025,0.0366325,0.06482322500000001,0.9996684418270596,0.5960351617241081
2024,20,2025-01-21T00:00:00+00:00,blend,180,2000,0.9847145476546706,0.5857181525824232,0.9838985429491498,0.5854621331200321,1.020379209323469,0.609266132453157,0.9847145476546706,0.5857181525824232,0,0.10823120000000001,2.46953805330469,2.8381499999999997,6.48195,0.05828285,0.0007205249999999996,0.13169789999999998,0.9965039869547339,0.5956422692156876
2024,20,2025-01-21T00:00:00+00:00,calibrated,180,2000,0.9965039869547339,0.5956422692156876,0.9838985429491498,0.5854621331200321,1.020379209323469,0.609266132453157,0.9847145476546706,0.5857181525824232,0,0.11288224605263157,2.586476375638145,2.9777499999999995,6.865825000000001,0.065940075,0.0011917499999999997,0.13277482499999999,0.9965039869547339,0.5956422692156876
2024,30,2025-04-12T00:00:00+00:00,blend,80,2000,0.877707762959559,0.5100637911435596,0.8742648639684371,0.5078806257618418,0.9083324565315631,0.5303623829098478,0.877707762959559,0.5100637911435596,0,0.041208875,1.4266007110618875,1.2229999999999996,3.2747750000000004,0.00030797500000000037,0.0030138500000000006,0.01229,0.8935096621722574,0.5207654680677882
2024,30,2025-04-12T00:00:00+00:00,calibrated,80,2000,0.8935096621722574,0.5207654680677882,0.8742648639684371,0.5078806257618418,0.9083324565315631,0.5303623829098478,0.877707762959559,0.5100637911435596,0,0.038369060526315786,1.3744561537051125,1.1405499999999997,3.3596000000000004,0.0013002499999999993,0.0032032500000000004,0.012683400000000001,0.8935096621722574,0.5207654680677882
