,1,2,3,4,5,6,7,8,9,10,11,12,13,14,15,16,17,18,19,20
FC Barcelona,92.8500,6.4000,0.7200,0.0300,0.0000,0.0000,0.0000,0.0000,0.0000,0.0000,0.0000,0.0000,0.0000,0.0000,0.0000,0.0000,0.0000,0.0000,0.0000,0.0000
Club Atlético de Madrid,1.0300,21.7200,45.0100,21.4200,6.4000,2.4000,1.1500,0.4600,0.1800,0.1200,0.0500,0.0400,0.0100,0.0000,0.0100,0.0000,0.0000,0.0000,0.0000,0.0000
Real Betis Balompié,0.1900,7.4500,23.4400,37.9400,16.0200,6.6800,3.7000,1.9000,1.1200,0.6000,0.4200,0.2800,0.1200,0.0700,0.0400,0.0100,0.0200,0.0000,0.0000,0.0000
Real Madrid CF,5.9200,63.2000,22.7000,6.5600,1.2500,0.2100,0.1200,0.0200,0.0200,0.0000,0.0000,0.0000,0.0000,0.0000,0.0000,0.0000,0.0000,0.0000,0.0000,0.0000
Sevilla FC,0.0000,0.1200,0.6100,3.6400,9.1800,11.4300,11.7500,10.9200,9.9800,9.1900,7.4200,6.3500,5.3700,4.2000,3.6100,2.6900,1.6600,1.2200,0.5900,0.0700
Deportivo Alavés,0.0000,0.0500,0.4500,2.0000,5.8200,8.3000,9.0000,9.4700,9.5100,9.4000,8.8400,7.9600,7.2000,6.5600,5.1300,3.8700,3.1200,1.9100,1.3200,0.0900
RC Deportivo La Coruña,0.0000,0.0800,0.5300,2.9700,7.7800,10.3400,10.5300,10.0000,9.7000,9.2900,7.8200,7.2500,5.8800,5.3300,4.3800,2.9800,2.5300,1.6700,0.8200,0.1200
Real Sociedad de Fútbol,0.0000,0.0200,0.5300,2.7500,7.5400,10.0200,10.7400,10.7900,9.5000,9.1300,8.0300,7.2000,6.0100,5.4200,4.0700,2.9700,2.6200,1.7000,0.8700,0.0900
Villarreal CF,0.0100,0.8600,4.6200,15.3300,25.2700,17.0000,10.7900,7.8700,5.7200,3.6900,2.9200,2.0200,1.5600,0.9500,0.6500,0.3500,0.2100,0.1600,0.0200,0.0000
Athletic Club,0.0000,0.0400,0.6200,3.0800,6.7500,9.7200,11.0100,10.1400,9.3800,8.7800,8.0000,7.1700,6.4900,5.3900,4.2900,3.5600,2.5300,1.8900,1.0800,0.0800
Getafe CF,0.0000,0.0000,0.0200,0.1200,0.6400,1.4700,2.4100,3.3800,4.4500,4.7500,6.2000,7.2600,7.6300,9.6900,9.8300,10.3700,11.8200,10.7000,7.9500,1.3100
Rayo Vallecano de Madrid,0.0000,0.0500,0.3200,1.4100,4.5400,6.6100,7.7500,8.8500,9.0900,8.6200,8.6000,7.9900,7.8600,6.9200,6.2700,5.5200,4.3000,2.9900,2.0300,0.2800
CA Osasuna,0.0000,0.0000,0.0300,0.1100,0.9300,1.7100,2.5100,3.6500,4.3300,5.1300,6.1800,7.1300,7.8300,8.9100,9.7400,10.2300,10.6700,10.6900,8.6500,1.5700
RC Celta de Vigo,0.0000,0.0100,0.2800,1.7900,4.5600,7.0800,7.9400,8.3100,9.1300,9.1800,9.2300,7.8300,7.0900,6.7800,5.9300,5.5600,4.3200,2.8900,1.8200,0.2700
RCD Espanyol de Barcelona,0.0000,0.0000,0.0400,0.2200,0.5300,1.6000,2.5400,3.1800,4.2800,5.4300,5.8000,7.2200,8.1300,8.7400,9.6600,11.2500,10.5100,10.5200,8.6500,1.7000
Real Racing Club de Santander,0.0000,0.0000,0.0200,0.0600,0.1500,0.2400,0.5900,0.9600,1.2500,1.7000,2.7200,3.6000,5.0500,5.6800,7.8600,9.6900,12.8800,16.9900,23.6400,6.9200
Levante UD,0.0000,0.0000,0.0400,0.3100,1.3500,2.5400,3.2500,4.6900,5.4200,6.2100,6.8200,7.6300,8.7200,8.7400,9.1500,9.4600,9.1300,8.3700,7.1400,1.0300
Elche CF,0.0000,0.0000,0.0100,0.2400,1.0200,1.9200,3.0400,3.5500,4.4200,5.3000,6.7600,7.2200,8.3600,9.0600,9.6700,9.7400,9.6000,10.0700,8.4000,1.6200
Valencia CF,0.0000,0.0000,0.0100,0.0200,0.2700,0.7200,1.1800,1.8600,2.5200,3.4600,4.1700,5.7800,6.5800,7.4100,9.3300,10.9700,12.5200,14.6500,15.0900,3.4600
Málaga CF,0.0000,0.0000,0.0000,0.0000,0.0000,0.0100,0.0000,0.0000,0.0000,0.0200,0.0200,0.0700,0.1100,0.1500,0.3800,0.7800,1.5600,3.5800,11.9300,81.3900
