,expected_position,expected_points,points_p10,points_p90,title_pct,title_mc_se_pp,top_four_pct,top_four_mc_se_pp,bottom_three_pct,bottom_three_mc_se_pp
FC Barcelona,1.0793,92.9793,85.0000,101.0000,92.8500,0.2577,100.0000,0.0000,0.0000,0.0000
Club Atlético de Madrid,3.2744,72.1149,63.0000,81.0000,1.0300,0.1010,89.1800,0.3106,0.0000,0.0000
Real Betis Balompié,4.2615,66.8929,58.0000,76.0000,0.1900,0.0435,69.0200,0.4624,0.0000,0.0000
Real Madrid CF,2.3535,78.7245,70.0000,87.0000,5.9200,0.2360,98.3800,0.1262,0.0000,0.0000
Sevilla FC,9.2885,52.5658,44.0000,62.0000,0.0000,0.0000,4.3700,0.2044,1.8800,0.1358
Deportivo Alavés,10.3807,50.2989,42.0000,59.0000,0.0000,0.0000,2.5000,0.1561,3.3200,0.1792
RC Deportivo La Coruña,9.7699,51.5842,43.0000,61.0000,0.0000,0.0000,3.5800,0.1858,2.6100,0.1594
Real Sociedad de Fútbol,9.7953,51.5924,43.0000,61.0000,0.0000,0.0000,3.3000,0.1786,2.6600,0.1609
Villarreal CF,6.4425,59.1424,50.0000,68.0000,0.0100,0.0100,20.8200,0.4060,0.1800,0.0424
Athletic Club,9.9107,51.3509,42.0000,60.0000,0.0000,0.0000,3.7400,0.1897,3.0500,0.1720
Getafe CF,14.1835,43.2995,35.0000,52.0000,0.0000,0.0000,0.1400,0.0374,19.9600,0.3997
Rayo Vallecano de Madrid,11.0512,49.1314,40.0000,58.0000,0.0000,0.0000,1.7800,0.1322,5.3000,0.2240
CA Osasuna,14.1189,43.4368,35.0000,52.0000,0.0000,0.0000,0.1400,0.0374,20.9100,0.4067
RC Celta de Vigo,10.9526,49.2199,40.0000,58.0000,0.0000,0.0000,2.0800,0.1427,4.9800,0.2175
RCD Espanyol de Barcelona,14.1906,43.1934,35.0000,52.0000,0.0000,0.0000,0.2600,0.0509,20.8700,0.4064
Real Racing Club de Santander,16.4612,38.4669,30.0000,47.0000,0.0000,0.0000,0.0800,0.0283,47.5500,0.4994
Levante UD,13.4754,44.6112,36.0000,54.0000,0.0000,0.0000,0.3500,0.0591,16.5400,0.3715
Elche CF,13.9394,43.6586,35.0000,53.0000,0.0000,0.0000,0.2500,0.0499,20.0900,0.4007
Valencia CF,15.3863,40.7738,32.0000,49.0000,0.0000,0.0000,0.0300,0.0173,33.2000,0.4709
Málaga CF,19.6846,26.0183,19.0000,34.0000,0.0000,0.0000,0.0000,0.0000,96.9000,0.1733
